{
	"22BTC35102": [-0.06881886, 0.03937769, 0.04267915, -0.11157583, -0.12176362, -0.0480179, -0.04106945, -0.13993008, 0.14841507, -0.10370862, 0.24710071, -0.06272811, -0.20413263, -0.08951579, -0.04171667, 0.1710922, -0.22602123, -0.17010583, 0.03176855, -0.07626467, 0.0651878, 0.01996201, 0.06769255, 0.0641301, -0.16367985, -0.43088898, -0.10086161, -0.07480636, -0.00517532, -0.00411633, -0.01228516, 0.12453452, -0.26425576, -0.03106084, 0.09142347, 0.05602855, -0.01032929, -0.06553766, 0.22223242, 0.01216908, -0.2411052, 0.01384283, 0.1679472, 0.21463779, 0.08949632, -0.00074984, 0.00958335, -0.11110591, 0.07528624, -0.17127846, 0.08266261, 0.18227072, 0.09313486, -0.04010648, 0.01283714, -0.10668825, -0.00913575, 0.13463019, -0.23771386, 0.03050019, 0.09837358, -0.08792794, -0.10129819, -0.10921472, 0.18686384, 0.14236741, -0.13635196, -0.14804466, 0.15889181, -0.10658681, -0.05993415, 0.00951299, -0.13225099, -0.22117709, -0.29700947, 0.01789198, 0.41952783, 0.11662424, -0.15739216, 0.09131536, -0.02574844, -0.04459247, 0.06529813, 0.17756407, -0.08131465, 0.08216245, -0.04379016, 0.12053037, 0.13439818, 0.00398189, -0.02862324, 0.2464578, -0.02479047, 0.11557887, 0.02753609, 0.03984036, -0.12616466, -0.00081411, -0.22576831, -0.00665988, -0.02977963, 0.01293355, -0.00175315, 0.14747973, -0.17262784, 0.07831906, 0.01112027, -0.11512107, -0.02600092, 0.02164996, -0.0358183, -0.11444774, 0.018611, -0.24379107, 0.13271841, 0.14746638, 0.08877528, 0.19832261, 0.12366082, -0.0004553, 0.06270143, -0.0987756, -0.23200253, -0.02086661, 0.11188921, -0.06654141, 0.1008115, -0.00140327],
	"22BTC35118": [-0.13997459, 0.08249571, 0.0845604, 0.03687021, 0.00658722, 0.01020201, 0.07507996, 0.02803921, 0.18327349, -0.07167608, 0.24628495, -0.07887522, -0.25838822, -0.13977124, 0.07093868, 0.07125603, -0.08573439, -0.11021312, -0.06177864, -0.02824927, 0.03030682, -0.03039356, 0.00536604, 0.02735852, -0.15942292, -0.38254288, -0.06497185, -0.13751771, 0.03369269, -0.13725591, -0.07876987, -0.00677502, -0.2024487, -0.11966217, -0.0288753, 0.00491184, -0.00276866, -0.02867785, 0.19274572, -0.05159397, -0.15768625, -0.09474884, 0.04553332, 0.23790662, 0.10327789, 0.01289645, -0.01268285, -0.04720135, 0.06699421, -0.23720598, 0.07754555, 0.12893042, 0.08105891, 0.08782714, 0.11549336, -0.11140371, -0.0342819, 0.11057092, -0.17512944, 0.09308962, -0.01190495, -0.00877148, -0.01423574, -0.04976794, 0.20749769, 0.04808932, -0.0796043, -0.11794561, 0.10770036, -0.1241942, 0.07176204, 0.13883215, -0.06816239, -0.23899701, -0.23100714, 0.14563863, 0.37317687, 0.16512534, -0.12468184, 0.05192296, -0.14011054, -0.11563911, 0.07594977, 0.04999005, -0.03620633, 0.04551024, -0.04096924, 0.10730013, 0.15361691, 0.01191793, -0.00591704, 0.16544405, -0.06017398, 0.01475773, 0.01502458, -0.00761613, -0.08394271, 0.0304324, -0.09321751, 0.02466229, 0.07916149, -0.10587099, 0.02384193, 0.05961531, -0.1809932, 0.03561684, 0.03490915, -0.0554242, 0.03297631, 0.0218881, -0.10230117, -0.0414924, 0.09887002, -0.32938206, 0.19389305, 0.11082307, -0.00217344, 0.15295084, 0.01290298, 0.05273196, 0.04800133, -0.03931674, -0.10345551, -0.0019138, 0.10038445, -0.00055572, 0.06642996, -0.03088352],
	"22BTC35141": [-0.12047914, 0.063854, 0.09747374, -0.02191774, -0.01956237, -0.04261089, -0.03615841, -0.08938675, 0.09371292, -0.09249373, 0.24961302, -0.082413, -0.23609102, -0.12830316, 0.0186983, 0.14265314, -0.07247332, -0.13509531, -0.0294771, -0.05610479, 0.00309769, -0.03417853, 0.00904809, 0.04178668, -0.08942861, -0.39378959, -0.14184503, -0.11703297, -0.0161939, -0.07356767, -0.05522879, 0.05952693, -0.15742907, -0.04130245, -0.02730363, 0.10390119, -0.03297953, -0.08017772, 0.15089399, -0.03758949, -0.12091026, -0.09364317, 0.05510662, 0.23582253, 0.14518054, 0.05503288, 0.07194208, -0.02700585, 0.02083491, -0.19316348, 0.11301552, 0.11826865, 0.08155311, 0.05225014, 0.10438788, -0.07803514, 0.02922229, 0.03378187, -0.18335028, 0.05066481, 0.03881843, -0.04378573, -0.0737164, -0.02732986, 0.27191731, 0.14117858, -0.10774565, -0.09853432, 0.17107821, -0.1427545, -0.05226526, 0.02320645, -0.1350318, -0.1950803, -0.28728637, 0.10637975, 0.39369783, 0.15380585, -0.15105236, 0.10551888, -0.04681942, -0.08567765, 0.11305572, 0.10450748, -0.04202643, 0.04162566, -0.11881173, 0.09214983, 0.15874642, -0.02916429, -0.05502016, 0.16512507, -0.0736242, 0.03373783, 0.03864736, 0.06469895, -0.04003578, 0.02739842, -0.10140192, -0.02363351, 0.18181428, -0.01759528, -0.02146243, 0.07637485, -0.0991476, 0.0722742, -0.00101278, -0.00394618, 0.01966861, -0.02072339, -0.15228525, -0.05493375, 0.11924708, -0.23306672, 0.13909332, 0.10366923, -0.03045154, 0.11667861, 0.10890307, 0.08790743, 0.06084878, -0.10714272, -0.17618418, -0.05607444, 0.09184459, 0.04750894, 0.08288062, 0.05549309],
	"22BTC35142": [-0.196580634, 0.0731396377, -0.0149461739, -0.0643473044, -0.0875154808, -0.102178335, 0.013038611, -0.156561509, 0.221417129, -0.0929519534, 0.286910027, -0.0191154778, -0.209831432, -0.171333179, 0.0943652466, 0.114807315, -0.169951528, -0.122986577, -0.091455467, -0.0811690912, -0.00492277229, -0.0580624267, 0.079802759, 0.121908247, -0.103466965, -0.368311197, -0.104321703, -0.124193311, -0.00991074182, -0.124487959, 0.0268125571, 0.10697265, -0.167625651, -0.0880464315, -0.0447521061, 0.0757807568, 0.020158574, 0.0103642875, 0.199956298, 0.01210899, -0.154559508, -0.0155209927, -0.0492248982, 0.255537361, 0.214884326, -0.00576469861, 0.0438075215, -0.0478543751, 0.0636982545, -0.201765448, 0.0853027478, 0.112500198, 0.115380675, -0.0519828871, 0.109568119, -0.127968997, -0.0705226213, 0.133856773, -0.143110335, 0.0555532649, 0.0647510216, -0.100232035, -0.105051577, -0.0759472176, 0.272626072, 0.170147866, -0.0984383151, -0.0712146461, 0.217754394, -0.0481183976, -0.0718849152, 0.0795110315, -0.151320308, -0.20219861, -0.227758437, 0.0959802493, 0.421754301, 0.131218433, -0.24305281, 0.000329080969, -0.176278234, 0.000208490063, 0.00540622557, 0.0384261571, -0.0707769617, -0.0277338326, -0.11279913, 0.0362385027, 0.110338449, 0.0596223436, -0.0523029901, 0.256621033, -0.00151004083, 0.0302183926, 0.0565637685, -0.0521242507, -0.0254752859, -0.0296732001, -0.132550627, -0.106566764, 0.0952265635, -0.108623706, -0.00115314452, 0.0551460013, -0.194334075, 0.142077893, 0.0270897336, 0.017271392, 0.00599971972, 0.0594176389, -0.0281202141, -0.00253591686, 0.143624395, -0.286928564, 0.212247983, 0.14500086, 0.0355222709, 0.194228366, -0.0105306068, 0.103552334, -0.0254081041, -0.0411828682, -0.106048249, -0.0177033003, 0.0741226152, 0.0178823378, 0.0962933749, 0.0791480094]
}